Вопрос;Ответ 1;Очки 1;Ответ 2;Очки 2;Ответ 3;Очки 3;Ответ 4;Очки 4;Ответ 5;Очки 5;Ответ 6;Очки 6
"Назовите фрукт, который едят чаще всего";Яблоко;34;Банан;22;Апельсин;14;Мандарин;10;Груша;8;Виноград;6
Что берут с собой на пляж?;Полотенце;30;Крем от загара/крем/солнцезащитный крем;20;Воду/вода/напитки;15;Солнечные очки/очки;12;Купальник/плавки;10;Книгу/книга;6
Куда ходят в выходные?;В кино/кино/кинотеатр;28;В гости/гости;20;В парк/парк;17;В кафе/кафе/ресторан;14;В магазин/магазин/торговый центр;10;В театр/театр;5
Назовите домашнее животное;Кошка/кот;40;Собака/пёс;32;Попугай;8;Хомяк;7;Рыбки/рыба;6;Черепаха;3
Что люди делают утром первым делом?;Умываются/умыться/чистят зубы;26;Смотрят телефон/телефон;22;Пьют кофе/кофе/чай;18;Выключают будильник/будильник;14;Завтракают/завтрак;10;Делают зарядку/зарядка;5
Назовите вид спорта;Футбол;38;Хоккей;18;Баскетбол;14;Теннис;10;Бокс;8;Плавание;6
Что дарят на день рождения?;Цветы/букет;26;Деньги;22;Духи/парфюм;14;Торт;12;Книгу/книга;8;Игрушку/игрушка;6
Что кладут в салат «Оливье»?;Колбасу/колбаса;26;Горошек/горох;22;Картошку/картофель/картошка;18;Яйца/яйцо;14;Огурцы/огурец;10;Майонез;7
Назовите символ Нового года;Ёлка/ель;36;Дед Мороз;24;Мандарины/мандарин;14;Шампанское;10;Снегурочка;8;Салют/фейерверк;5
Что есть в каждой ванной комнате?;Зеркало;28;Мыло;24;Полотенце;18;Зубная щётка/щётка;14;Ванна/душ;8;Шампунь;6
Чем занимаются в отпуске?;Лежат на пляже/пляж/загорают;30;Путешествуют/путешествие;22;Спят/сон;16;Купаются/плавают;12;Гуляют/прогулки;10;Едят/еда;6
Кого можно встретить в больнице?;Врача/врач/доктор;40;Медсестру/медсестра;25;Пациента/больной/пациент;15;Хирурга/хирург;8;Санитара/санитар;5;Посетителя/посетитель;4
Что бывает сладким?;Торт;30;Конфета/конфеты;24;Чай;14;Сон;10;Фрукты/фрукт;10;Мёд;8
Назовите вид транспорта;Автобус;30;Машина/автомобиль;26;Метро;16;Поезд/электричка;12;Самолёт;8;Трамвай;5
Где часто бывают очереди?;В поликлинике/поликлиника/больница;30;В магазине/магазин/касса;26;В банке/банк;14;На почте/почта;12;В аэропорту/аэропорт;8;В туалет/туалет;6
Что надевают зимой?;Шапку/шапка;32;Куртку/куртка/пуховик/шуба;26;Варежки/варежки/перчатки;16;Шарф;14;Сапоги/валенки/ботинки;8;Свитер;4
Что можно найти в холодильнике?;Молоко;28;Колбасу/колбаса;20;Яйца/яйцо;16;Сыр;14;Масло;10;Овощи;8
Назовите сказочного персонажа;Баба-Яга/баба яга;28;Кощей/кощей бессмертный;20;Колобок;16;Иван-дурак/иван;14;Змей Горыныч;10;Буратино;8
