Вопрос;Вариант 1;Вариант 2;Вариант 3;Вариант 4;Правильный (1-4);Картинка (ссылка);Аудио (ссылка);Тип;Тема
С какого расстояния пробивают пенальти?;12 метров;9 метров;11 метров;16 метров;3;;;;Правила игры
Какова высота футбольных ворот?;"2,04 м";"2,44 м";"2,64 м";3 м;2;;;;Правила игры
Какова ширина футбольных ворот?;"6,32 м";8 м;"7,62 м";"7,32 м";4;;;;Правила игры
Сколько замен может сделать команда в основное время официального матча?;3;6;4;5;4;;;;Правила игры
Где прошёл первый чемпионат мира в 1930 году?;Италия;Уругвай;Бразилия;Франция;2;;;;Чемпионаты мира
Какая сборная первой выиграла пять чемпионатов мира?;Бразилия;Италия;Германия;Аргентина;1;;;;Чемпионаты мира
Сколько чемпионатов мира выиграл Пеле?;1;2;3;4;3;;;;Чемпионаты мира
Кто забил знаменитый гол «рукой Бога» в 1986 году? Напиши фамилию.;Марадона;Диего Марадона;Maradona;;;;;текст;Чемпионаты мира
Какая сборная выиграла чемпионат мира 2018 года?;Хорватия;Англия;Бельгия;Франция;4;;;;Чемпионаты мира
Какая сборная выиграла чемпионат мира 2022 года?;Хорватия;Франция;Марокко;Аргентина;4;;;;Чемпионаты мира
В какой стране прошёл чемпионат мира 2022 года?;Катар;Саудовская Аравия;ОАЭ;Бахрейн;1;;;;Чемпионаты мира
Сколько сборных играло на чемпионате мира 2022 года?;24;48;32;64;3;;;;Чемпионаты мира
Сколько сборных впервые сыграло на чемпионате мира 2026 года?;48;40;32;64;1;;;;Чемпионаты мира
В каких странах прошёл чемпионат мира 2026 года?;"США, Канада и Мексика";"Испания, Португалия и Марокко";Англия и Шотландия;Австралия и Новая Зеландия;1;;;;Чемпионаты мира
"Кто в 2014 году стал лучшим бомбардиром в истории чемпионатов мира, забив 16-й гол? Напиши фамилию.";Клозе;Мирослав Клозе;Klose;;;;;текст;Чемпионаты мира
Какая сборная выиграла чемпионат Европы 2016 года?;Португалия;Испания;Германия;Франция;1;;;;Чемпионаты Европы
"Какая сборная выиграла Евро-2020, сыгранный в 2021 году?";Англия;Испания;Италия;Дания;3;;;;Чемпионаты Европы
Какая сборная выиграла Евро-2024?;Испания;Англия;Германия;Франция;1;;;;Чемпионаты Европы
В какой стране прошёл Евро-2024?;Германия;Франция;Англия;Нидерланды;1;;;;Чемпионаты Европы
Единственный вратарь — обладатель «Золотого мяча». Напиши фамилию.;Яшин;Лев Яшин;Yashin;;;;;текст;«Золотой мяч»
В каком году Лев Яшин получил «Золотой мяч»?;1958;1970;1963;1966;3;;;;«Золотой мяч»
Сколько «Золотых мячей» Лионель Месси выиграл с 2009 по 2023 год?;7;8;6;9;2;;;;«Золотой мяч»
Какой клуб чаще всех выигрывал Лигу чемпионов (Кубок чемпионов)?;Барселона;Бавария;Реал Мадрид;Милан;3;;;;Клубы
Из какого города клуб «Ювентус»?;Милан;Турин;Рим;Неаполь;2;;;;Клубы
Как называется домашний стадион «Барселоны»?;Сантьяго Бернабеу;Месталья;Камп Ноу;Ванда Метрополитано;3;;;;Клубы
Как называется домашний стадион «Манчестер Юнайтед»?;Энфилд;Олд Траффорд;Этихад;Стэмфорд Бридж;2;;;;Клубы
Как называется домашний стадион «Ливерпуля»?;Энфилд;Гудисон Парк;Хайбери;Вилла Парк;1;;;;Клубы
Какой клуб называют «канонирами»?;Челси;Арсенал;Тоттенхэм;Вест Хэм;2;;;;Клубы
Кто тренировал «Манчестер Юнайтед» с 1986 по 2013 год? Напиши фамилию.;Фергюсон;Алекс Фергюсон;Ferguson;;;;;текст;Клубы
Какой российский клуб выиграл Кубок УЕФА в 2005 году?;Зенит;Локомотив;Спартак;ЦСКА;4;;;;Клубы
В каком году «Зенит» выиграл Кубок УЕФА?;2006;2012;2010;2008;4;;;;Клубы
Какое прозвище у сборной Нидерландов?;Канарейки;Красные дьяволы;Оранжевые;Голубые;3;;;;Игроки и сборные
Какую сборную называют «Красными дьяволами»?;Испанию;Бельгию;Чили;Сербию;2;;;;Игроки и сборные
"Кто играл и за «Реал Мадрид», и за «Ливерпуль», и за «Челси»? Подсказка: французский нападающий. Напиши фамилию.";Анелька;Николя Анелька;Anelka;;;;;текст;Игроки и сборные
Норвежский нападающий забил 36 голов в АПЛ в сезоне 2022/23 — рекорд для сезона из 38 туров. Напиши фамилию.;Холанд;Холанн;Эрлинг Холанд;Haaland;;;;текст;Игроки и сборные
"Португалец, забивший больше всех голов в истории за национальные сборные. Напиши фамилию.";Роналду;Криштиану Роналду;Роналдо;Ronaldo;;;;текст;Игроки и сборные
Кто из этих игроков выигрывал чемпионат мира?;Зинедин Зидан;Пеле;Йохан Кройф;Лионель Месси;"1,2,4";;;несколько;Чемпионаты мира
Какие из этих клубов — из Лондона?;Арсенал;Челси;Ливерпуль;Тоттенхэм;"1,2,4";;;несколько;Клубы
Кто из этих игроков выступал за «Реал Мадрид»?;Зинедин Зидан;Лионель Месси;Криштиану Роналду;Тьерри Анри;"1,3";;;несколько;Игроки и сборные
Какие из этих сборных выигрывали чемпионат Европы?;Дания;Греция;Англия;Нидерланды;"1,2,4";;;несколько;Чемпионаты Европы
Расставь по числу голов в АПЛ по итогам сезона 2023/24 — от большего к меньшему.;Алан Ширер;Гарри Кейн;Уэйн Руни;Энди Коул;;;;порядок;Игроки и сборные
"Расставь победителей чемпионатов мира по годам, начиная с 2010.";Испания;Германия;Франция;Аргентина;;;;порядок;Чемпионаты мира
"Расставь хозяев чемпионатов мира по годам, начиная с 2006.";Германия;ЮАР;Бразилия;Россия;;;;порядок;Чемпионаты мира
Расставь клубы по числу побед в Лиге чемпионов (Кубке чемпионов) по итогам сезона 2023/24 — от большего к меньшему.;Реал Мадрид;Милан;Барселона;Аякс;;;;порядок;Клубы
Какой клуб выиграл первый розыгрыш Лиги чемпионов УЕФА в сезоне 1992/93?;Милан;Марсель;Барселона;Аякс;2;;;;Клубы
Кто стал лучшим бомбардиром чемпионата мира 2018 года?;Антуан Гризманн;Ромелу Лукаку;Килиан Мбаппе;Гарри Кейн;4;;;;Чемпионаты мира
"Кто получил «Золотой мяч» в 2018 году, прервав серию Месси и Роналду?";Антуан Гризманн;Мохамед Салах;Лука Модрич;Рафаэль Варан;3;;;;«Золотой мяч»
Кто получил «Золотой мяч» в 2006 году?;Джанлуиджи Буффон;Фабио Каннаваро;Роналдиньо;Тьерри Анри;2;;;;«Золотой мяч»
"Какой клуб выиграл финал Лиги чемпионов 2005 года, уступая 0:3 после первого тайма?";Ливерпуль;Милан;Челси;Порту;1;;;;Клубы
В каком городе прошёл финал Лиги чемпионов 2005 года «Милан» — «Ливерпуль»?;Афины;Москва;Лиссабон;Стамбул;4;;;;Клубы
Какая сборная стала первым чемпионом Европы в 1960 году?;Испания;Италия;Югославия;СССР;4;;;;Чемпионаты Европы
На каком турнире сборная России под руководством Гуса Хиддинка дошла до полуфинала?;Евро-2004;ЧМ-2006;Евро-2008;Евро-2012;3;;;;Чемпионаты Европы
"Какой клуб стал чемпионом Англии в сезоне 2015/16, хотя букмекеры давали на это 5000 к 1?";Тоттенхэм;Вест Хэм;Лестер;Саутгемптон;3;;;;Клубы
Сколько матчей подряд без поражений провёл «Арсенал» в чемпионате Англии в 2003–2004 годах?;49;42;38;52;1;;;;Клубы
С каким счётом Германия обыграла Бразилию в полуфинале чемпионата мира 2014 года?;4:0;5:1;6:2;7:1;4;;;;Чемпионаты мира
"Какой российский клуб выиграл Суперкубок УЕФА в 2008 году, обыграв «Манчестер Юнайтед»?";ЦСКА;Зенит;Спартак;Рубин;2;;;;Клубы
Кто забил 13 голов на одном чемпионате мира (1958) — рекорд до сих пор?;Пеле;Жюст Фонтен;Герд Мюллер;Шандор Кочиш;2;;;;Чемпионаты мира
Какой клуб называют «Старой синьорой»?;Ювентус;Интер;Милан;Рома;1;;;;Клубы
Кто забил победный гол в финале чемпионата мира 2010 года в дополнительное время? Напиши фамилию.;Иньеста;Андрес Иньеста;Iniesta;;;;;текст;Чемпионаты мира
Немецкий тренер привёл сборную Грецию к победе на Евро-2004. Напиши фамилию.;Рехагель;Отто Рехагель;Rehhagel;;;;;текст;Чемпионаты Европы
"Единственный тренер, выигравший Лигу чемпионов три сезона подряд (2016–2018). Напиши фамилию.";Зидан;Зинедин Зидан;Zidane;;;;;текст;Клубы