Вопрос;Вариант 1;Вариант 2;Вариант 3;Вариант 4;Правильный (1-4);Картинка (ссылка);Аудио (ссылка);Тип
Чему равна сумма углов любого треугольника?;90°;180°;270°;360°;2;;;
Как называется отрезок от центра окружности до любой её точки?;Радиус;Диаметр;Хорда;Касательная;1;;;
Сколько будет 7 × 8?;54;56;63;64;2;;;
Какое из этих чисел НЕ простое?;17;19;21;23;3;;;
Чему равен квадратный корень из 144?;11;12;13;14;2;;;
Чему равна площадь прямоугольника со сторонами 6 и 4 см (в см²)?;10;20;24;48;3;;;
"Как называется треугольник, у которого все стороны равны?";Равносторонний;Правильный;;;;;;текст
Какие числа делятся на 3 без остатка?;52;27;100;81;"2,4";;;несколько
Расставь числа от меньшего к большему;"0,5";2/3;"0,7";3/4;;;;порядок
Как называется результат деления?;Разность;Произведение;Сумма;Частное;4;;;
Сколько букв в русском алфавите?;31;32;33;34;3;;;
Какая часть речи обозначает действие предмета?;Существительное;Прилагательное;Наречие;Глагол;4;;;
В каком слове ударение падает на последний слог?;Звонит;Торты;Кухонный;Красивее;1;;;
"Как называется член предложения, который отвечает на вопрос «кто?» или «что?»?";Подлежащее;Сказуемое;Дополнение;Обстоятельство;1;;;
"Как называются слова, близкие по значению, — например, «смелый» и «храбрый»?";Синонимы;Синоним;;;;;;текст
Какие слова пишутся с мягким знаком на конце?;Мяч…;Ноч…;Врач…;Доч…;"2,4";;;несколько
Сколько падежей в русском языке?;5;6;7;8;2;;;
Как называются слова с противоположным значением?;Синонимы;Омонимы;Паронимы;Антонимы;4;;;
Кто написал роман в стихах «Евгений Онегин»?;Михаил Лермонтов;Николай Гоголь;Иван Тургенев;Александр Пушкин;4;;;
Кто автор романа «Война и мир»?;Толстой;Лев Толстой;;;;;;текст
Как фамилия главного героя романа «Преступление и наказание»?;Раскольников;Базаров;Печорин;Обломов;1;;;
Кто написал поэму «Мёртвые души»?;Николай Гоголь;Антон Чехов;Александр Пушкин;Фёдор Достоевский;1;;;
Кто написал рассказ «Муму»?;Лев Толстой;Антон Чехов;Иван Бунин;Иван Тургенев;4;;;
"Расставь писателей по году рождения, начиная с самого раннего";Пушкин;Гоголь;Толстой;Чехов;;;;порядок
Кто автор романа «Герой нашего времени»?;Александр Грибоедов;Александр Пушкин;Михаил Лермонтов;Иван Гончаров;3;;;
Кто написал басню «Ворона и Лисица»?;Крылов;Иван Крылов;;;;;;текст
Кто из этих поэтов погиб на дуэли?;Сергей Есенин;Александр Пушкин;Фёдор Тютчев;Михаил Лермонтов;"2,4";;;несколько
"Как звали девочку, которая попала в Страну чудес?";Дороти;Герда;Мальвина;Алиса;4;;;
В каком году началась Великая Отечественная война?;1939;1941;1943;1945;2;;;
Кто первым из людей полетел в космос?;Гагарин;Юрий Гагарин;;;;;;текст
Какой город основал Пётр I в 1703 году?;Санкт-Петербург;Москву;Нижний Новгород;Архангельск;1;;;
В каком году экспедиция Колумба достигла Америки?;1453;1492;1517;1610;2;;;
"Расставь события по порядку, начиная с самого раннего";Крещение Руси;Куликовская битва;Бородинское сражение;Полёт Гагарина;;;;порядок
Кто был первым президентом США?;Авраам Линкольн;Томас Джефферсон;Джордж Вашингтон;Бенджамин Франклин;3;;;
Как называется битва на Чудском озере в 1242 году?;Куликовская битва;Полтавская битва;Невская битва;Ледовое побоище;4;;;
Какие страны были союзниками СССР во Второй мировой войне?;США;Великобритания;Италия;Япония;"1,2";;;несколько
Как назывались правители Древнего Египта?;Фараоны;Императоры;Султаны;Ханы;1;;;
Какое озеро — самое глубокое в мире?;Байкал;Танганьика;Виктория;Онежское;1;;;
Какой океан — самый большой?;Атлантический;Индийский;Тихий;Северный Ледовитый;3;;;
Какой город — столица Австралии?;Сидней;Мельбурн;Перт;Канберра;4;;;
На каком материке находится пустыня Сахара?;Африка;В Африке;;;;;;текст
Какая гора — самая высокая в мире?;Эльбрус;Килиманджаро;Монблан;Эверест;4;;;
"Расставь материки по площади, начиная с самого большого";Евразия;Африка;Северная Америка;Австралия;;;;порядок
Какие из этих стран граничат с Россией по суше?;Турция;Китай;Казахстан;Индия;"2,3";;;несколько
Какая река — самая длинная в Европе?;Волга;Дунай;Днепр;Рейн;1;;;
Какой орган человека — самый большой по площади и весу?;Печень;Кожа;Лёгкие;Мозг;2;;;
"Как называется процесс, при котором растения на свету создают питательные вещества?";Фотосинтез;;;;;;;текст
Сколько камер в сердце человека?;2;3;4;5;3;;;
Какое из этих животных — млекопитающее?;Акула;Пингвин;Кит;Крокодил;3;;;
Какие из этих животных — насекомые?;Паук;Муравей;Клещ;Бабочка;"2,4";;;несколько
Какой газ растения поглощают при фотосинтезе?;Кислород;Азот;Водород;Углекислый газ;4;;;
В каких единицах измеряют силу?;В ньютонах;В джоулях;В ваттах;В паскалях;1;;;
При какой температуре кипит вода при обычном атмосферном давлении?;90 °C;100 °C;110 °C;120 °C;2;;;
Кто открыл закон всемирного тяготения?;Ньютон;Исаак Ньютон;;;;;;текст
Какова скорость света в вакууме (примерно)?;300 км/с;3000 км/с;300 000 км/с;3 000 000 км/с;3;;;
"Расставь планеты по удалённости от Солнца, начиная с ближайшей";Меркурий;Венера;Земля;Марс;;;;порядок
Какая формула у воды?;CO₂;H₂O;NaCl;O₂;2;;;
Какой химический элемент обозначают символом Fe?;Железо;;;;;;;текст
Кто создал периодическую таблицу химических элементов?;Михаил Ломоносов;Александр Бутлеров;Дмитрий Менделеев;Антуан Лавуазье;3;;;
Какого газа больше всего в воздухе?;Кислорода;Углекислого газа;Аргона;Азота;4;;;
Как переводится с английского «Thursday»?;Четверг;Вторник;Суббота;Воскресенье;1;;;
Какой из этих английских глаголов — неправильный?;Play;Go;Work;Watch;2;;;
Сколько бит в одном байте?;4;8;16;32;2;;;